lang_code	language	is_subtag	en_wikipedia_link	wikidata_url
aa	Afar	False	https://en.wikipedia.org/wiki/Afar_language	http://www.wikidata.org/entity/Q27811
ab	Abkhaz	False	https://en.wikipedia.org/wiki/Abkhaz_language	http://www.wikidata.org/entity/Q5111
abe	Abenaki	False	https://en.wikipedia.org/wiki/Abenaki_language	http://www.wikidata.org/entity/Q197936
abq	Abaza	False	https://en.wikipedia.org/wiki/Abaza_language	http://www.wikidata.org/entity/Q27567
abs	Ambonese	False	https://en.wikipedia.org/wiki/Ambonese_Malay	http://www.wikidata.org/entity/Q3124354
ace	Acehnese	False	https://en.wikipedia.org/wiki/Acehnese_language	http://www.wikidata.org/entity/Q27683
adx	Amdo Tibetan	False	https://en.wikipedia.org/wiki/Amdo_Tibetan	http://www.wikidata.org/entity/Q56509
ady	Adyghe	False	https://en.wikipedia.org/wiki/Adyghe_language	http://www.wikidata.org/entity/Q27776
ady-cyrl	Adyghe in Cyrillic script	True	https://en.wikipedia.org/wiki/	http://www.wikidata.org/entity/Q64362980
aeb	Tunisian Arabic	False	https://en.wikipedia.org/wiki/Tunisian_Arabic	http://www.wikidata.org/entity/Q56240
aeb-arab	Tunisian Arabic in Arabic script	True	https://en.wikipedia.org/wiki/	http://www.wikidata.org/entity/Q64362981
aeb-latn	Tunisian Arabic in Latin script	True	https://en.wikipedia.org/wiki/	http://www.wikidata.org/entity/Q64362982
af	Afrikaans	False	https://en.wikipedia.org/wiki/Afrikaans	http://www.wikidata.org/entity/Q14196
agq	Aghem	False	https://en.wikipedia.org/wiki/Aghem_language	http://www.wikidata.org/entity/Q34737
ak	Akan	False	https://en.wikipedia.org/wiki/Akan_language	http://www.wikidata.org/entity/Q28026
akl	Aklan	False	https://en.wikipedia.org/wiki/Aklanon_language	http://www.wikidata.org/entity/Q8773
akz	Alabama	False	https://en.wikipedia.org/wiki/Alabama_language	http://www.wikidata.org/entity/Q1815020
aln	Gheg Albanian	False	https://en.wikipedia.org/wiki/Gheg_Albanian	http://www.wikidata.org/entity/Q181037
als	Swiss German	False	https://en.wikipedia.org/wiki/Swiss_German	http://www.wikidata.org/entity/Q387066
alt	Altai	False	https://en.wikipedia.org/wiki/Southern_Altai_language	http://www.wikidata.org/entity/Q1991779
am	Amharic	False	https://en.wikipedia.org/wiki/Amharic	http://www.wikidata.org/entity/Q28244
ami	Amis	False	https://en.wikipedia.org/wiki/Amis_language	http://www.wikidata.org/entity/Q35132
an	Aragonese	False	https://en.wikipedia.org/wiki/Aragonese_language	http://www.wikidata.org/entity/Q8765
ang	Old English	False	https://en.wikipedia.org/wiki/Old_English	http://www.wikidata.org/entity/Q42365
anp	Angika	False	https://en.wikipedia.org/wiki/Angika	http://www.wikidata.org/entity/Q28378
aoc	Pemon	False	https://en.wikipedia.org/wiki/Pemon_language	http://www.wikidata.org/entity/Q10729616
ar	Arabic	False	https://en.wikipedia.org/wiki/Arabic	http://www.wikidata.org/entity/Q13955
arc	Aramaic	False	https://en.wikipedia.org/wiki/Aramaic	http://www.wikidata.org/entity/Q28602
arn	Mapudungun	False	https://en.wikipedia.org/wiki/Mapuche_language	http://www.wikidata.org/entity/Q33730
arq	Algerian Arabic	False	https://en.wikipedia.org/wiki/Algerian_Arabic	http://www.wikidata.org/entity/Q56499
ary	Moroccan Arabic	False	https://en.wikipedia.org/wiki/Moroccan_Arabic	http://www.wikidata.org/entity/Q56426
arz	Egyptian Arabic	False	https://en.wikipedia.org/wiki/Egyptian_Arabic	http://www.wikidata.org/entity/Q29919
as	Assamese	False	https://en.wikipedia.org/wiki/Assamese_language	http://www.wikidata.org/entity/Q29401
ase	American Sign Language	False	https://en.wikipedia.org/wiki/American_Sign_Language	http://www.wikidata.org/entity/Q14759
ast	Asturian	False	https://en.wikipedia.org/wiki/Asturian_language	http://www.wikidata.org/entity/Q29507
atj	Atikamekw	False	https://en.wikipedia.org/wiki/Atikamekw_language	http://www.wikidata.org/entity/Q56590
av	Avaric	False	https://en.wikipedia.org/wiki/Avar_language	http://www.wikidata.org/entity/Q29561
avk	Kotava	False	https://en.wikipedia.org/wiki/Kotava	http://www.wikidata.org/entity/Q1377116
awa	Awadhi	False	https://en.wikipedia.org/wiki/Awadhi_language	http://www.wikidata.org/entity/Q29579
ay	Aymara	False	https://en.wikipedia.org/wiki/Aymara_language	http://www.wikidata.org/entity/Q4627
az	Azerbaijani	False	https://en.wikipedia.org/wiki/Azerbaijani_language	http://www.wikidata.org/entity/Q9292
az-cyrl	Azerbaijani in Cyrillic	True	https://en.wikipedia.org/wiki/	http://www.wikidata.org/entity/Q107549766
azb	South Azerbaijani	False	https://en.wikipedia.org/wiki/South_Azerbaijani_language	http://www.wikidata.org/entity/Q3449805
ba	Bashkir	False	https://en.wikipedia.org/wiki/Bashkir_language	http://www.wikidata.org/entity/Q13389
ban	Balinese	False	https://en.wikipedia.org/wiki/Balinese_language	http://www.wikidata.org/entity/Q33070
ban-bali	Balinese in Balinese script	True	https://en.wikipedia.org/wiki/	http://www.wikidata.org/entity/Q107530457
bar	Bavarian	False	https://en.wikipedia.org/wiki/Bavarian_language	http://www.wikidata.org/entity/Q29540
bat-smg	Samogitian	True	https://en.wikipedia.org/wiki/Samogitian_dialect	http://www.wikidata.org/entity/Q213434
bbc	Toba Batak	False	https://en.wikipedia.org/wiki/Toba_Batak_language	http://www.wikidata.org/entity/Q33017
bbc-latn	Batak Toba in Latin script	True	https://en.wikipedia.org/wiki/	http://www.wikidata.org/entity/Q64362983
bcc	Southern Balochi	False	https://en.wikipedia.org/wiki/	http://www.wikidata.org/entity/Q12634001
bcl	Central Bikol	False	https://en.wikipedia.org/wiki/Central_Bikol_language	http://www.wikidata.org/entity/Q33284
bdr	West Coast Bajau	False	https://en.wikipedia.org/wiki/	http://www.wikidata.org/entity/Q2880037
be	Belarusian	False	https://en.wikipedia.org/wiki/Belarusian_language	http://www.wikidata.org/entity/Q9091
be-tarask	Taraškievica	True	https://en.wikipedia.org/wiki/Taraškievica	http://www.wikidata.org/entity/Q2087886
be-x-old	Taraškievica	True	https://en.wikipedia.org/wiki/Taraškievica	http://www.wikidata.org/entity/Q2087886
bej	Beja	False	https://en.wikipedia.org/wiki/Beja_language	http://www.wikidata.org/entity/Q33025
bfi	British Sign Language	False	https://en.wikipedia.org/wiki/British_Sign_Language	http://www.wikidata.org/entity/Q33000
bfq	Badaga	False	https://en.wikipedia.org/wiki/Badaga_language	http://www.wikidata.org/entity/Q33205
bg	Bulgarian	False	https://en.wikipedia.org/wiki/Bulgarian_language	http://www.wikidata.org/entity/Q7918
bgn	Western Balochi	False	https://en.wikipedia.org/wiki/Western_Baluchi_language	http://www.wikidata.org/entity/Q12645561
bh	Bhojpuri	False	https://en.wikipedia.org/wiki/Bhojpuri_language	http://www.wikidata.org/entity/Q33268
bi	Bislama	False	https://en.wikipedia.org/wiki/Bislama	http://www.wikidata.org/entity/Q35452
bjn	Banjar	False	https://en.wikipedia.org/wiki/Banjarese_language	http://www.wikidata.org/entity/Q33151
bla	Blackfoot	False	https://en.wikipedia.org/wiki/Blackfoot_language	http://www.wikidata.org/entity/Q33060
bm	Bambara	False	https://en.wikipedia.org/wiki/Bambara_language	http://www.wikidata.org/entity/Q33243
bn	Bengali	False	https://en.wikipedia.org/wiki/Bengali_language	http://www.wikidata.org/entity/Q9610
bnn	Bunun	False	https://en.wikipedia.org/wiki/Bunun_language	http://www.wikidata.org/entity/Q56505
bo	Tibetan	False	https://en.wikipedia.org/wiki/Lhasa_Tibetan	http://www.wikidata.org/entity/Q34271
bpy	Bishnupriya Manipuri	False	https://en.wikipedia.org/wiki/Bishnupriya_Manipuri_language	http://www.wikidata.org/entity/Q37059
bqi	Bakhtiari	False	https://en.wikipedia.org/wiki/Bakhtiari_dialect	http://www.wikidata.org/entity/Q257829
br	Breton	False	https://en.wikipedia.org/wiki/Breton_language	http://www.wikidata.org/entity/Q12107
brh	Brahui	False	https://en.wikipedia.org/wiki/Brahui_language	http://www.wikidata.org/entity/Q33202
brx	Bodo	False	https://en.wikipedia.org/wiki/Boro_language_(India)	http://www.wikidata.org/entity/Q33223
bs	Bosnian	False	https://en.wikipedia.org/wiki/Bosnian_language	http://www.wikidata.org/entity/Q9303
bsk	Burushaski	False	https://en.wikipedia.org/wiki/Burushaski	http://www.wikidata.org/entity/Q216286
bss	Kose	False	https://en.wikipedia.org/wiki/	http://www.wikidata.org/entity/Q34806
btm	Mandailing	False	https://en.wikipedia.org/wiki/Mandailing_language	http://www.wikidata.org/entity/Q2891049
bto	Rinconada Bikol	False	https://en.wikipedia.org/wiki/Rinconada_Bikol_language	http://www.wikidata.org/entity/Q12633026
bug	Buginese	False	https://en.wikipedia.org/wiki/Buginese_language	http://www.wikidata.org/entity/Q33190
bxr	Buryat	False	https://en.wikipedia.org/wiki/Buryat_language	http://www.wikidata.org/entity/Q33120
bxr	Russia Buriat	False	https://en.wikipedia.org/wiki/	http://www.wikidata.org/entity/Q16116629
byq	Basay	False	https://en.wikipedia.org/wiki/Basay_language	http://www.wikidata.org/entity/Q716647
bzg	Babuza	False	https://en.wikipedia.org/wiki/Babuza_language	http://www.wikidata.org/entity/Q716615
bzs	Brazilian Sign Language	False	https://en.wikipedia.org/wiki/Brazilian_Sign_Language	http://www.wikidata.org/entity/Q3436689
ca	Catalan	False	https://en.wikipedia.org/wiki/Catalan_language	http://www.wikidata.org/entity/Q7026
cak	Kaqchikel	False	https://en.wikipedia.org/wiki/Kaqchikel_language	http://www.wikidata.org/entity/Q35115
cal	Carolinian	False	https://en.wikipedia.org/wiki/Carolinian_language	http://www.wikidata.org/entity/Q28427
cbk-zam	Chavacano	True	https://en.wikipedia.org/wiki/Chavacano	http://www.wikidata.org/entity/Q33281
cbk-zam	Zamboanga Chavacano	True	https://en.wikipedia.org/wiki/	http://www.wikidata.org/entity/Q32174903
ccp	Chakma	False	https://en.wikipedia.org/wiki/Chakma_language	http://www.wikidata.org/entity/Q32952
ccp-beng	Chakma in Bengali script	True	https://en.wikipedia.org/wiki/	http://www.wikidata.org/entity/Q107530840
cdo	Min Dong	False	https://en.wikipedia.org/wiki/Eastern_Min	http://www.wikidata.org/entity/Q36455
ce	Chechen	False	https://en.wikipedia.org/wiki/Chechen_language	http://www.wikidata.org/entity/Q33350
ceb	Cebuano	False	https://en.wikipedia.org/wiki/Cebuano_language	http://www.wikidata.org/entity/Q33239
ch	Chamorro	False	https://en.wikipedia.org/wiki/Chamorro_language	http://www.wikidata.org/entity/Q33262
chn	Chinook Jargon	False	https://en.wikipedia.org/wiki/Chinook_Jargon	http://www.wikidata.org/entity/Q35173
cho	Choctaw	False	https://en.wikipedia.org/wiki/Choctaw_language	http://www.wikidata.org/entity/Q32979
chr	Cherokee	False	https://en.wikipedia.org/wiki/Cherokee_language	http://www.wikidata.org/entity/Q33388
chy	Cheyenne	False	https://en.wikipedia.org/wiki/Cheyenne_language	http://www.wikidata.org/entity/Q33265
ckb	Kurdish Wikipedia	False	https://en.wikipedia.org/wiki/Kurdish_Wikipedia	http://www.wikidata.org/entity/Q1154741
ckb	Sorani	False	https://en.wikipedia.org/wiki/Sorani	http://www.wikidata.org/entity/Q36811
ckt	Chukchi	False	https://en.wikipedia.org/wiki/Chukchi_language	http://www.wikidata.org/entity/Q33170
ckv	Kavalan	False	https://en.wikipedia.org/wiki/Kavalan_language	http://www.wikidata.org/entity/Q716627
clc	Chilcotin	False	https://en.wikipedia.org/wiki/Chilcotin_language	http://www.wikidata.org/entity/Q28535
cnh	Hakha-Chin	False	https://en.wikipedia.org/wiki/Hakha_Chin_language	http://www.wikidata.org/entity/Q3250286
cnr	Montenegrin	False	https://en.wikipedia.org/wiki/Montenegrin_language	http://www.wikidata.org/entity/Q8821
co	Corsican	False	https://en.wikipedia.org/wiki/Corsican_language	http://www.wikidata.org/entity/Q33111
cop	Coptic	False	https://en.wikipedia.org/wiki/Coptic_language	http://www.wikidata.org/entity/Q36155
cps	Capiznon	False	https://en.wikipedia.org/wiki/Capiznon_language	http://www.wikidata.org/entity/Q2937525
cpx	Pu-Xian Min	False	https://en.wikipedia.org/wiki/Pu-Xian_Min	http://www.wikidata.org/entity/Q56583
cr	Cree	False	https://en.wikipedia.org/wiki/Cree_language	http://www.wikidata.org/entity/Q33390
crh	Crimean Tatar	False	https://en.wikipedia.org/wiki/Crimean_Tatar_language	http://www.wikidata.org/entity/Q33357
crh-cyrl	Crimean Tatar in Cyrillic	True	https://en.wikipedia.org/wiki/	http://www.wikidata.org/entity/Q107557467
crh-latn	Crimean Tatar in Latin script	True	https://en.wikipedia.org/wiki/	http://www.wikidata.org/entity/Q107557485
crl	Northern East Cree	False	https://en.wikipedia.org/wiki/	http://www.wikidata.org/entity/Q12642195
crs	Seychellois Creole	False	https://en.wikipedia.org/wiki/Seychellois_Creole	http://www.wikidata.org/entity/Q34015
cs	Czech	False	https://en.wikipedia.org/wiki/Czech_language	http://www.wikidata.org/entity/Q9056
csb	Kashubian	False	https://en.wikipedia.org/wiki/Kashubian_language	http://www.wikidata.org/entity/Q33690
ctg	Chittagonian	False	https://en.wikipedia.org/wiki/Chittagonian_language	http://www.wikidata.org/entity/Q33173
cu	Church Slavonic	False	https://en.wikipedia.org/wiki/Church_Slavonic	http://www.wikidata.org/entity/Q33251
cu	Old Church Slavonic	False	https://en.wikipedia.org/wiki/Old_Church_Slavonic	http://www.wikidata.org/entity/Q35499
cu	Slavonic musical notation	False	https://en.wikipedia.org/wiki/	http://www.wikidata.org/entity/Q108519491
cu	Slavonic documents	False	https://en.wikipedia.org/wiki/	http://www.wikidata.org/entity/Q110088676
cv	Chuvash	False	https://en.wikipedia.org/wiki/Chuvash_language	http://www.wikidata.org/entity/Q33348
cy	Welsh	False	https://en.wikipedia.org/wiki/Welsh_language	http://www.wikidata.org/entity/Q9309
da	Danish	False	https://en.wikipedia.org/wiki/Danish_language	http://www.wikidata.org/entity/Q9035
dag	Dagbani	False	https://en.wikipedia.org/wiki/Dagbani_language	http://www.wikidata.org/entity/Q32238
dar	Dargwa	False	https://en.wikipedia.org/wiki/Dargwa_language	http://www.wikidata.org/entity/Q32332
de	German	False	https://en.wikipedia.org/wiki/German_language	http://www.wikidata.org/entity/Q188
de	German	False	https://en.wikipedia.org/wiki/	http://www.wikidata.org/entity/Q21167895
de-at	Austrian German	True	https://en.wikipedia.org/wiki/Austrian_German	http://www.wikidata.org/entity/Q306626
de-ch	Swiss High German	True	https://en.wikipedia.org/wiki/Swiss_Standard_German	http://www.wikidata.org/entity/Q1366643
de-formal	formal address in German	True	https://en.wikipedia.org/wiki/	http://www.wikidata.org/entity/Q64427341
din	Dinka	False	https://en.wikipedia.org/wiki/Dinka_language	http://www.wikidata.org/entity/Q56466
diq	Zazaki	False	https://en.wikipedia.org/wiki/Zaza_language	http://www.wikidata.org/entity/Q10199
dlm	Dalmatian	False	https://en.wikipedia.org/wiki/Dalmatian_language	http://www.wikidata.org/entity/Q35527
dru	Rukai	False	https://en.wikipedia.org/wiki/Rukai_language	http://www.wikidata.org/entity/Q49232
dsb	Lower Sorbian	False	https://en.wikipedia.org/wiki/Lower_Sorbian_language	http://www.wikidata.org/entity/Q13286
dtp	Kadazandusun	False	https://en.wikipedia.org/wiki/Kadazandusun_language	http://www.wikidata.org/entity/Q5317225
dty	Doteli	False	https://en.wikipedia.org/wiki/Doteli	http://www.wikidata.org/entity/Q18415595
dua	Duala	False	https://en.wikipedia.org/wiki/Duala_language	http://www.wikidata.org/entity/Q33013
dv	Dhivehi	False	https://en.wikipedia.org/wiki/Maldivian_language	http://www.wikidata.org/entity/Q32656
dz	Dzongkha	False	https://en.wikipedia.org/wiki/Dzongkha	http://www.wikidata.org/entity/Q33081
ee	Ewe	False	https://en.wikipedia.org/wiki/Ewe_language	http://www.wikidata.org/entity/Q30005
egl	Emilian	False	https://en.wikipedia.org/wiki/Emilian_dialects	http://www.wikidata.org/entity/Q1057898
el	Modern Greek	False	https://en.wikipedia.org/wiki/Modern_Greek	http://www.wikidata.org/entity/Q36510
el	Greek	False	https://en.wikipedia.org/wiki/Greek_language	http://www.wikidata.org/entity/Q9129
eml	Emilian-Romagnol	False	https://en.wikipedia.org/wiki/Emilian-Romagnol_language	http://www.wikidata.org/entity/Q242648
en	English	False	https://en.wikipedia.org/wiki/English_language	http://www.wikidata.org/entity/Q1860
en-ca	Canadian English	True	https://en.wikipedia.org/wiki/Canadian_English	http://www.wikidata.org/entity/Q44676
en-gb	British English	True	https://en.wikipedia.org/wiki/British_English	http://www.wikidata.org/entity/Q7979
en-simple	Simple English	True	https://en.wikipedia.org/wiki/	http://www.wikidata.org/entity/Q21480034
en-us	American English	True	https://en.wikipedia.org/wiki/American_English	http://www.wikidata.org/entity/Q7976
en-x-simple	Simple English	True	https://en.wikipedia.org/wiki/	http://www.wikidata.org/entity/Q21480034
enm	Middle English	False	https://en.wikipedia.org/wiki/Middle_English	http://www.wikidata.org/entity/Q36395
eo	Esperanto	False	https://en.wikipedia.org/wiki/Esperanto	http://www.wikidata.org/entity/Q143
eo-hsistemo	System H	True	https://en.wikipedia.org/wiki/	http://www.wikidata.org/entity/Q3505590
eo-xsistemo	System X	True	https://en.wikipedia.org/wiki/	http://www.wikidata.org/entity/Q3497763
es	Spanish	False	https://en.wikipedia.org/wiki/Spanish_language	http://www.wikidata.org/entity/Q1321
es-419	Latin American Spanish	True	https://en.wikipedia.org/wiki/	http://www.wikidata.org/entity/Q56649449
es-formal	formal Spanish	True	https://en.wikipedia.org/wiki/	http://www.wikidata.org/entity/Q64427343
esu	Central Alaskan Yup'ik	False	https://en.wikipedia.org/wiki/Central_Alaskan_Yup'ik_language	http://www.wikidata.org/entity/Q21117
et	Estonian	False	https://en.wikipedia.org/wiki/Estonian_language	http://www.wikidata.org/entity/Q9072
ett	Etruscan	False	https://en.wikipedia.org/wiki/Etruscan_language	http://www.wikidata.org/entity/Q35726
eu	Basque	False	https://en.wikipedia.org/wiki/Basque_language	http://www.wikidata.org/entity/Q8752
ext	Extremaduran	False	https://en.wikipedia.org/wiki/Extremaduran_language	http://www.wikidata.org/entity/Q30007
eya	Eyak	False	https://en.wikipedia.org/wiki/Eyak_language	http://www.wikidata.org/entity/Q27480
fa	Persian	False	https://en.wikipedia.org/wiki/Persian_language	http://www.wikidata.org/entity/Q9168
fa-af	Dari	True	https://en.wikipedia.org/wiki/Dari	http://www.wikidata.org/entity/Q178440
ff	Fula	False	https://en.wikipedia.org/wiki/Fula_language	http://www.wikidata.org/entity/Q33454
fi	Finnish	False	https://en.wikipedia.org/wiki/Finnish_language	http://www.wikidata.org/entity/Q1412
fit	Meänkieli	False	https://en.wikipedia.org/wiki/Meänkieli	http://www.wikidata.org/entity/Q13357
fiu-vro	Võro	True	https://en.wikipedia.org/wiki/Võro_language	http://www.wikidata.org/entity/Q32762
fj	Fijian	False	https://en.wikipedia.org/wiki/Fijian_language	http://www.wikidata.org/entity/Q33295
fkv	Kven	False	https://en.wikipedia.org/wiki/Kven_language	http://www.wikidata.org/entity/Q165795
fo	Faroese	False	https://en.wikipedia.org/wiki/Faroese_language	http://www.wikidata.org/entity/Q25258
fon	Fon	False	https://en.wikipedia.org/wiki/Fon_language	http://www.wikidata.org/entity/Q33291
fos	Siraya	False	https://en.wikipedia.org/wiki/Siraya_language	http://www.wikidata.org/entity/Q716604
fr	French	False	https://en.wikipedia.org/wiki/French_language	http://www.wikidata.org/entity/Q150
fr-ca	Canadian French	True	https://en.wikipedia.org/wiki/Canadian_French	http://www.wikidata.org/entity/Q1450506
frc	Louisiana French	False	https://en.wikipedia.org/wiki/Louisiana_French	http://www.wikidata.org/entity/Q3083213
frm	Middle French	False	https://en.wikipedia.org/wiki/Middle_French	http://www.wikidata.org/entity/Q1473289
fro	Old French	False	https://en.wikipedia.org/wiki/Old_French	http://www.wikidata.org/entity/Q35222
frp	Franco-Provençal	False	https://en.wikipedia.org/wiki/Franco-Provençal	http://www.wikidata.org/entity/Q15087
frr	North Frisian	False	https://en.wikipedia.org/wiki/North_Frisian_language	http://www.wikidata.org/entity/Q28224
fuf	Pular	False	https://en.wikipedia.org/wiki/Pular_language	http://www.wikidata.org/entity/Q3915357
fur	Friulian	False	https://en.wikipedia.org/wiki/Friulian_language	http://www.wikidata.org/entity/Q33441
fy	West Frisian	False	https://en.wikipedia.org/wiki/West_Frisian_language	http://www.wikidata.org/entity/Q27175
ga	Irish	False	https://en.wikipedia.org/wiki/Irish_language	http://www.wikidata.org/entity/Q9142
gaa	Ga	False	https://en.wikipedia.org/wiki/Ga_language	http://www.wikidata.org/entity/Q33287
gag	Gagauz	False	https://en.wikipedia.org/wiki/Gagauz_language	http://www.wikidata.org/entity/Q33457
gan	Gan	False	https://en.wikipedia.org/wiki/Gan_Chinese	http://www.wikidata.org/entity/Q33475
gan-hans	simplified Gan	True	https://en.wikipedia.org/wiki/	http://www.wikidata.org/entity/Q64427344
gan-hant	traditional Gan	True	https://en.wikipedia.org/wiki/	http://www.wikidata.org/entity/Q64427346
gcf	Guadeloupe-Martinique Creole French	False	https://en.wikipedia.org/wiki/Guadeloupe_Creole	http://www.wikidata.org/entity/Q3006280
gcr	Guianan Creole	False	https://en.wikipedia.org/wiki/French_Guianese_Creole	http://www.wikidata.org/entity/Q1363072
gd	Scottish Gaelic	False	https://en.wikipedia.org/wiki/Scottish_Gaelic	http://www.wikidata.org/entity/Q9314
gez	Ge'ez	False	https://en.wikipedia.org/wiki/Geʽez	http://www.wikidata.org/entity/Q35667
gil	Gilbertese	False	https://en.wikipedia.org/wiki/Gilbertese_language	http://www.wikidata.org/entity/Q30898
gkm	Medieval Greek	False	https://en.wikipedia.org/wiki/Medieval_Greek	http://www.wikidata.org/entity/Q36387
gl	Galician	False	https://en.wikipedia.org/wiki/Galician_language	http://www.wikidata.org/entity/Q9307
glk	Gilaki	False	https://en.wikipedia.org/wiki/Gilaki_language	http://www.wikidata.org/entity/Q33657
gmh	Middle High German	False	https://en.wikipedia.org/wiki/Middle_High_German	http://www.wikidata.org/entity/Q837985
gml	Middle Low German	False	https://en.wikipedia.org/wiki/Middle_Low_German	http://www.wikidata.org/entity/Q505674
gn	Guarani	False	https://en.wikipedia.org/wiki/Guarani_language	http://www.wikidata.org/entity/Q35876
goh	Old High German	False	https://en.wikipedia.org/wiki/Old_High_German	http://www.wikidata.org/entity/Q35218
gom	Goan Konkani	False	https://en.wikipedia.org/wiki/	http://www.wikidata.org/entity/Q5575236
gom-deva	Goan Konkani in Devanagari script	True	https://en.wikipedia.org/wiki/	http://www.wikidata.org/entity/Q64362984
gom-latn	Goan Konkani in Latin script	True	https://en.wikipedia.org/wiki/	http://www.wikidata.org/entity/Q64362985
gor	Gorontalo	False	https://en.wikipedia.org/wiki/Gorontalo_language	http://www.wikidata.org/entity/Q2501174
got	Gothic	False	https://en.wikipedia.org/wiki/Gothic_language	http://www.wikidata.org/entity/Q35722
grc	Ancient Greek	False	https://en.wikipedia.org/wiki/Ancient_Greek	http://www.wikidata.org/entity/Q35497
gsg	German Sign Language	False	https://en.wikipedia.org/wiki/German_Sign_Language	http://www.wikidata.org/entity/Q33282
gsw	Alemannic	False	https://en.wikipedia.org/wiki/Alemannic_German	http://www.wikidata.org/entity/Q131339
gsw-fr	Alsatian	True	https://en.wikipedia.org/wiki/Alsatian_dialect	http://www.wikidata.org/entity/Q8786
gu	Gujarati	False	https://en.wikipedia.org/wiki/Gujarati_language	http://www.wikidata.org/entity/Q5137
guc	Wayuu	False	https://en.wikipedia.org/wiki/Wayuu_language	http://www.wikidata.org/entity/Q891085
guw	Gun	False	https://en.wikipedia.org/wiki/Gun_language	http://www.wikidata.org/entity/Q3111668
gv	Manx	False	https://en.wikipedia.org/wiki/Manx_language	http://www.wikidata.org/entity/Q12175
ha	Hausa	False	https://en.wikipedia.org/wiki/Hausa_language	http://www.wikidata.org/entity/Q56475
hai	Haida	False	https://en.wikipedia.org/wiki/Haida_language	http://www.wikidata.org/entity/Q33303
hak	Hakka	False	https://en.wikipedia.org/wiki/Hakka_Chinese	http://www.wikidata.org/entity/Q33375
haw	Hawaiian	False	https://en.wikipedia.org/wiki/Hawaiian_language	http://www.wikidata.org/entity/Q33569
hbo	Biblical Hebrew	False	https://en.wikipedia.org/wiki/Biblical_Hebrew	http://www.wikidata.org/entity/Q1982248
he	Hebrew	False	https://en.wikipedia.org/wiki/Hebrew_language	http://www.wikidata.org/entity/Q9288
hi	Hindi	False	https://en.wikipedia.org/wiki/Hindi	http://www.wikidata.org/entity/Q1568
hif	Fiji Hindi	False	https://en.wikipedia.org/wiki/Fiji_Hindi	http://www.wikidata.org/entity/Q46728
hif-latn	Fiji Hindi in Latin script	True	https://en.wikipedia.org/wiki/	http://www.wikidata.org/entity/Q64362986
hil	Hiligaynon	False	https://en.wikipedia.org/wiki/Hiligaynon_language	http://www.wikidata.org/entity/Q35978
ho	Hiri Motu	False	https://en.wikipedia.org/wiki/Hiri_Motu	http://www.wikidata.org/entity/Q33617
hoc	Ho	False	https://en.wikipedia.org/wiki/Ho_language	http://www.wikidata.org/entity/Q33270
hr	Croatian	False	https://en.wikipedia.org/wiki/Croatian_language	http://www.wikidata.org/entity/Q6654
hrx	Hunsrik	False	https://en.wikipedia.org/wiki/Hunsrik	http://www.wikidata.org/entity/Q304049
hsb	Upper Sorbian	False	https://en.wikipedia.org/wiki/Upper_Sorbian_language	http://www.wikidata.org/entity/Q13248
ht	Haitian Creole	False	https://en.wikipedia.org/wiki/Haitian_Creole	http://www.wikidata.org/entity/Q33491
hu	Hungarian	False	https://en.wikipedia.org/wiki/Hungarian_language	http://www.wikidata.org/entity/Q9067
hu-formal	formal Hungarian	True	https://en.wikipedia.org/wiki/	http://www.wikidata.org/entity/Q64427347
hy	Armenian	False	https://en.wikipedia.org/wiki/Armenian_language	http://www.wikidata.org/entity/Q8785
hyw	Western Armenian	False	https://en.wikipedia.org/wiki/Western_Armenian	http://www.wikidata.org/entity/Q180945
hz	Herero	False	https://en.wikipedia.org/wiki/Herero_language	http://www.wikidata.org/entity/Q33315
ia	Interlingua	False	https://en.wikipedia.org/wiki/Interlingua	http://www.wikidata.org/entity/Q35934
id	Indonesian	False	https://en.wikipedia.org/wiki/Indonesian_language	http://www.wikidata.org/entity/Q9240
ie	Interlingue	False	https://en.wikipedia.org/wiki/Interlingue	http://www.wikidata.org/entity/Q35850
ig	Igbo	False	https://en.wikipedia.org/wiki/Igbo_language	http://www.wikidata.org/entity/Q33578
ii	Nuosu	False	https://en.wikipedia.org/wiki/Nuosu_language	http://www.wikidata.org/entity/Q34235
ik	Inupiaq	False	https://en.wikipedia.org/wiki/Iñupiaq_language	http://www.wikidata.org/entity/Q27183
ike-cans	Eastern Canadian (Aboriginal syllabics)	True	https://en.wikipedia.org/wiki/	http://www.wikidata.org/entity/Q64427348
ike-latn	Eastern Canadian in Latin script	True	https://en.wikipedia.org/wiki/	http://www.wikidata.org/entity/Q64362987
ilo	Ilocano	False	https://en.wikipedia.org/wiki/Ilocano_language	http://www.wikidata.org/entity/Q35936
inh	Ingush	False	https://en.wikipedia.org/wiki/Ingush_language	http://www.wikidata.org/entity/Q33509
ins	Indian Sign Language	False	https://en.wikipedia.org/wiki/Indo-Pakistani_Sign_Language	http://www.wikidata.org/entity/Q3306265
io	Ido	False	https://en.wikipedia.org/wiki/Ido	http://www.wikidata.org/entity/Q35224
is	Icelandic	False	https://en.wikipedia.org/wiki/Icelandic_language	http://www.wikidata.org/entity/Q294
it	Italian	False	https://en.wikipedia.org/wiki/Italian_language	http://www.wikidata.org/entity/Q652
iu	Inuktitut	False	https://en.wikipedia.org/wiki/Inuktitut	http://www.wikidata.org/entity/Q29921
ja	Japanese	False	https://en.wikipedia.org/wiki/Japanese_language	http://www.wikidata.org/entity/Q5287
ja-hani	Japanese written in kanji	True	https://en.wikipedia.org/wiki/	http://www.wikidata.org/entity/Q53979504
ja-hira	Japanese written in hiragana	True	https://en.wikipedia.org/wiki/	http://www.wikidata.org/entity/Q53979341
ja-hrkt	Japanese written in kana	True	https://en.wikipedia.org/wiki/	http://www.wikidata.org/entity/Q53979345
ja-kana	Japanese written in katakana	True	https://en.wikipedia.org/wiki/	http://www.wikidata.org/entity/Q53979342
jam	Jamaican Creole	False	https://en.wikipedia.org/wiki/Jamaican_Patois	http://www.wikidata.org/entity/Q35939
jax	Jambi Malay	False	https://en.wikipedia.org/wiki/Jambi_Malay	http://www.wikidata.org/entity/Q3915769
jbo	Lojban	False	https://en.wikipedia.org/wiki/Lojban	http://www.wikidata.org/entity/Q36350
jut	Jutlandic	False	https://en.wikipedia.org/wiki/Jutlandic_dialect	http://www.wikidata.org/entity/Q1340322
jv	Javanese	False	https://en.wikipedia.org/wiki/Javanese_language	http://www.wikidata.org/entity/Q33549
ka	Georgian	False	https://en.wikipedia.org/wiki/Georgian_language	http://www.wikidata.org/entity/Q8108
ka	მთავარი გვერდი	False	https://en.wikipedia.org/wiki/	http://www.wikidata.org/entity/Q21451012
kaa	Karakalpak	False	https://en.wikipedia.org/wiki/Karakalpak_language	http://www.wikidata.org/entity/Q33541
kab	Kabyle	False	https://en.wikipedia.org/wiki/Kabyle_language	http://www.wikidata.org/entity/Q35853
kae	Ketagalan	False	https://en.wikipedia.org/wiki/Luilang_language	http://www.wikidata.org/entity/Q2779411
kbd	Kabardian	False	https://en.wikipedia.org/wiki/Kabardian_language	http://www.wikidata.org/entity/Q33522
kbd-cyrl	Kabardian in Cyrillic script	True	https://en.wikipedia.org/wiki/	http://www.wikidata.org/entity/Q64362989
kbg	Khamba	False	https://en.wikipedia.org/wiki/	http://www.wikidata.org/entity/Q12952626
kbp	Kabiye	False	https://en.wikipedia.org/wiki/Kabiye_language	http://www.wikidata.org/entity/Q35475
kcg	Tyap	False	https://en.wikipedia.org/wiki/Tyap_language	http://www.wikidata.org/entity/Q3912765
kea	Cape Verdean Creole	False	https://en.wikipedia.org/wiki/Cape_Verdean_Creole	http://www.wikidata.org/entity/Q35963
kg	Kongo	False	https://en.wikipedia.org/wiki/Kongo_language	http://www.wikidata.org/entity/Q33702
kha	Khasi	False	https://en.wikipedia.org/wiki/Khasi_language	http://www.wikidata.org/entity/Q33584
khg	Khams Tibetan	False	https://en.wikipedia.org/wiki/Khams_Tibetan	http://www.wikidata.org/entity/Q56601
khw	Khowar	False	https://en.wikipedia.org/wiki/Khowar_language	http://www.wikidata.org/entity/Q938216
ki	Gikuyu	False	https://en.wikipedia.org/wiki/Kikuyu_language	http://www.wikidata.org/entity/Q33587
kiu	Kirmanjki	False	https://en.wikipedia.org/wiki/	http://www.wikidata.org/entity/Q6023868
kj	Kwanyama	False	https://en.wikipedia.org/wiki/Kwanyama_dialect	http://www.wikidata.org/entity/Q1405077
kjh	Khakas	False	https://en.wikipedia.org/wiki/Khakas_language	http://www.wikidata.org/entity/Q33575
kjp	Eastern Pwo	False	https://en.wikipedia.org/wiki/Eastern_Pwo_language	http://www.wikidata.org/entity/Q5330390
kk	Kazakh	False	https://en.wikipedia.org/wiki/Kazakh_language	http://www.wikidata.org/entity/Q9252
kk-arab	Kazakh in Arabic script	True	https://en.wikipedia.org/wiki/	http://www.wikidata.org/entity/Q64362991
kk-cn	Kazakh in China	True	https://en.wikipedia.org/wiki/	http://www.wikidata.org/entity/Q64427349
kk-cyrl	Kazakh in Cyrillic script	True	https://en.wikipedia.org/wiki/	http://www.wikidata.org/entity/Q64362992
kk-kz	Kazakh in Kazakhstan	True	https://en.wikipedia.org/wiki/	http://www.wikidata.org/entity/Q64427350
kk-latn	Kazakh in Latin script	True	https://en.wikipedia.org/wiki/	http://www.wikidata.org/entity/Q64362993
kk-tr	Kazakh in Turkey	True	https://en.wikipedia.org/wiki/	http://www.wikidata.org/entity/Q64427352
kl	Greenlandic	False	https://en.wikipedia.org/wiki/Greenlandic_language	http://www.wikidata.org/entity/Q25355
km	Khmer	False	https://en.wikipedia.org/wiki/Khmer_language	http://www.wikidata.org/entity/Q9205
kn	Kannada	False	https://en.wikipedia.org/wiki/Kannada	http://www.wikidata.org/entity/Q33673
ko	Korean	False	https://en.wikipedia.org/wiki/Korean_language	http://www.wikidata.org/entity/Q9176
ko-kp	North Korean standard language	True	https://en.wikipedia.org/wiki/North_Korean_standard_language	http://www.wikidata.org/entity/Q18784
ko-kr	South Korean standard language	True	https://en.wikipedia.org/wiki/South_Korean_standard_language	http://www.wikidata.org/entity/Q18795
koi	Permyak	False	https://en.wikipedia.org/wiki/Permyak_language	http://www.wikidata.org/entity/Q56318
koy	Koyukon	False	https://en.wikipedia.org/wiki/Koyukon_language	http://www.wikidata.org/entity/Q28304
kr	Kanuri	False	https://en.wikipedia.org/wiki/Kanuri_language	http://www.wikidata.org/entity/Q36094
krc	Karachay-Balkar	False	https://en.wikipedia.org/wiki/Karachay-Balkar	http://www.wikidata.org/entity/Q33714
kri	Krio	False	https://en.wikipedia.org/wiki/Krio_language	http://www.wikidata.org/entity/Q35744
krj	Kinaray-a	False	https://en.wikipedia.org/wiki/Karay-a_language	http://www.wikidata.org/entity/Q33720
krl	Karelian	False	https://en.wikipedia.org/wiki/Karelian_language	http://www.wikidata.org/entity/Q33557
krx	Karon	False	https://en.wikipedia.org/wiki/Karon_language	http://www.wikidata.org/entity/Q35704
ks	Kashmiri	False	https://en.wikipedia.org/wiki/Kashmiri_language	http://www.wikidata.org/entity/Q33552
ks-arab	Kashmiri in Arabic script	True	https://en.wikipedia.org/wiki/	http://www.wikidata.org/entity/Q64362994
ks-deva	Kashmiri in Devanagari script	True	https://en.wikipedia.org/wiki/	http://www.wikidata.org/entity/Q64362995
ksh	Kölsch	False	https://en.wikipedia.org/wiki/Colognian	http://www.wikidata.org/entity/Q4624
ksh	Ripuarian	False	https://en.wikipedia.org/wiki/Ripuarian_language	http://www.wikidata.org/entity/Q32145
ksw	S'gaw Karen	False	https://en.wikipedia.org/wiki/S'gaw_Karen_language	http://www.wikidata.org/entity/Q56410
ku	Kurdish Wikipedia	False	https://en.wikipedia.org/wiki/Kurdish_Wikipedia	http://www.wikidata.org/entity/Q1154741
ku	Kurmanji	False	https://en.wikipedia.org/wiki/Kurmanji	http://www.wikidata.org/entity/Q36163
ku	Kurdish	False	https://en.wikipedia.org/wiki/Kurdish_languages	http://www.wikidata.org/entity/Q36368
ku-arab	Kurdish in Arabic script	True	https://en.wikipedia.org/wiki/	http://www.wikidata.org/entity/Q64362996
ku-latn	Kurdish in Latin script	True	https://en.wikipedia.org/wiki/	http://www.wikidata.org/entity/Q64362997
kum	Kumyk	False	https://en.wikipedia.org/wiki/Kumyk_language	http://www.wikidata.org/entity/Q36209
kut	Kutenai	False	https://en.wikipedia.org/wiki/Kutenai_language	http://www.wikidata.org/entity/Q33434
kv	Komi	False	https://en.wikipedia.org/wiki/Komi_language	http://www.wikidata.org/entity/Q36126
kw	Cornish	False	https://en.wikipedia.org/wiki/Cornish_language	http://www.wikidata.org/entity/Q25289
ky	Kyrgyz	False	https://en.wikipedia.org/wiki/Kyrgyz_language	http://www.wikidata.org/entity/Q9255
ky-arab	Kyrgyz in Arabic script	True	https://en.wikipedia.org/wiki/	http://www.wikidata.org/entity/Q95397566
ky-cyrl	Kyrgyz in Cyrillic script	True	https://en.wikipedia.org/wiki/	http://www.wikidata.org/entity/Q94989582
la	Latin	False	https://en.wikipedia.org/wiki/Latin	http://www.wikidata.org/entity/Q397
lad	Judaeo-Spanish	False	https://en.wikipedia.org/wiki/Judaeo-Spanish	http://www.wikidata.org/entity/Q36196
lag	Rangi	False	https://en.wikipedia.org/wiki/Rangi_language	http://www.wikidata.org/entity/Q584983
lb	Luxembourgish	False	https://en.wikipedia.org/wiki/Luxembourgish	http://www.wikidata.org/entity/Q9051
lbe	Lak	False	https://en.wikipedia.org/wiki/Lak_language	http://www.wikidata.org/entity/Q36206
lez	Lezgian	False	https://en.wikipedia.org/wiki/Lezgian_language	http://www.wikidata.org/entity/Q31746
lfn	Lingua Franca Nova	False	https://en.wikipedia.org/wiki/Lingua_Franca_Nova	http://www.wikidata.org/entity/Q146803
lg	Luganda	False	https://en.wikipedia.org/wiki/Luganda	http://www.wikidata.org/entity/Q33368
li	Limburgish	False	https://en.wikipedia.org/wiki/Limburgish	http://www.wikidata.org/entity/Q102172
lij	Ligurian	False	https://en.wikipedia.org/wiki/Ligurian_language	http://www.wikidata.org/entity/Q36106
lij-mc	Monégasque	True	https://en.wikipedia.org/wiki/Monégasque_dialect	http://www.wikidata.org/entity/Q56422
liv	Livonian	False	https://en.wikipedia.org/wiki/Livonian_language	http://www.wikidata.org/entity/Q33698
lki	Laki	False	https://en.wikipedia.org/wiki/Laki_language	http://www.wikidata.org/entity/Q56483
lkt	Lakota	False	https://en.wikipedia.org/wiki/Lakota_language	http://www.wikidata.org/entity/Q33537
lld	Ladin	False	https://en.wikipedia.org/wiki/Ladin_language	http://www.wikidata.org/entity/Q36202
lmo	Lombard	False	https://en.wikipedia.org/wiki/Lombard_language	http://www.wikidata.org/entity/Q33754
ln	Lingala	False	https://en.wikipedia.org/wiki/Lingala	http://www.wikidata.org/entity/Q36217
lo	Lao	False	https://en.wikipedia.org/wiki/Lao_language	http://www.wikidata.org/entity/Q9211
loz	Lozi	False	https://en.wikipedia.org/wiki/Lozi_language	http://www.wikidata.org/entity/Q33628
lrc	Northern Luri	False	https://en.wikipedia.org/wiki/Northern_Luri_language	http://www.wikidata.org/entity/Q19933293
lt	Lithuanian	False	https://en.wikipedia.org/wiki/Lithuanian_language	http://www.wikidata.org/entity/Q9083
ltg	Latgalian	False	https://en.wikipedia.org/wiki/Latgalian_language	http://www.wikidata.org/entity/Q36212
lus	Mizo	False	https://en.wikipedia.org/wiki/Mizo_language	http://www.wikidata.org/entity/Q36147
luz	Southern Luri	False	https://en.wikipedia.org/wiki/Southern_Luri_language	http://www.wikidata.org/entity/Q12952748
lv	Latvian	False	https://en.wikipedia.org/wiki/Latvian_language	http://www.wikidata.org/entity/Q9078
lzh	Classical Chinese	False	https://en.wikipedia.org/wiki/Classical_Chinese	http://www.wikidata.org/entity/Q37041
lzz	Laz	False	https://en.wikipedia.org/wiki/Laz_language	http://www.wikidata.org/entity/Q1160372
mad	Madurese	False	https://en.wikipedia.org/wiki/Madurese_language	http://www.wikidata.org/entity/Q36213
mai	Maithili	False	https://en.wikipedia.org/wiki/Maithili_language	http://www.wikidata.org/entity/Q36109
map-bms	Banyumasan	True	https://en.wikipedia.org/wiki/Banyumasan_dialect	http://www.wikidata.org/entity/Q33219
mdf	Moksha	False	https://en.wikipedia.org/wiki/Moksha_language	http://www.wikidata.org/entity/Q13343
mfe	Mauritian Creole	False	https://en.wikipedia.org/wiki/Mauritian_Creole	http://www.wikidata.org/entity/Q33661
mg	Malagasy	False	https://en.wikipedia.org/wiki/Malagasy_language	http://www.wikidata.org/entity/Q7930
mh	Marshallese	False	https://en.wikipedia.org/wiki/Marshallese_language	http://www.wikidata.org/entity/Q36280
mhr	Meadow Mari	False	https://en.wikipedia.org/wiki/Meadow_Mari_language	http://www.wikidata.org/entity/Q3906614
mi	Māori	False	https://en.wikipedia.org/wiki/Māori_language	http://www.wikidata.org/entity/Q36451
mic	Mi'kmaq	False	https://en.wikipedia.org/wiki/Miꞌkmaq_language	http://www.wikidata.org/entity/Q13321
min	Minangkabau	False	https://en.wikipedia.org/wiki/Minangkabau_language	http://www.wikidata.org/entity/Q13324
mis	language without a specific language code	False	https://en.wikipedia.org/wiki/	http://www.wikidata.org/entity/Q22283016
mis-x-Q2417210	Old Swedish	True	https://en.wikipedia.org/wiki/Old_Swedish	http://www.wikidata.org/entity/Q2417210
mk	Macedonian	False	https://en.wikipedia.org/wiki/Macedonian_language	http://www.wikidata.org/entity/Q9296
ml	Malayalam	False	https://en.wikipedia.org/wiki/Malayalam	http://www.wikidata.org/entity/Q36236
mn	Mongolian	False	https://en.wikipedia.org/wiki/Mongolian_language	http://www.wikidata.org/entity/Q9246
mnc	Manchu	False	https://en.wikipedia.org/wiki/Manchu_language	http://www.wikidata.org/entity/Q33638
mni	Meitei	False	https://en.wikipedia.org/wiki/Meitei_language	http://www.wikidata.org/entity/Q33868
mnw	Mon	False	https://en.wikipedia.org/wiki/Mon_language	http://www.wikidata.org/entity/Q13349
mo	Moldovan	False	https://en.wikipedia.org/wiki/Moldovan_language	http://www.wikidata.org/entity/Q36392
moe	Innu-aimun	False	https://en.wikipedia.org/wiki/Innu-aimun	http://www.wikidata.org/entity/Q13351
mr	Marathi	False	https://en.wikipedia.org/wiki/Marathi_language	http://www.wikidata.org/entity/Q1571
mrh	Mara	False	https://en.wikipedia.org/wiki/Mara_language	http://www.wikidata.org/entity/Q4175893
mrj	Hill Mari	False	https://en.wikipedia.org/wiki/Hill_Mari_language	http://www.wikidata.org/entity/Q1776032
ms	Malay	False	https://en.wikipedia.org/wiki/Malay_language	http://www.wikidata.org/entity/Q9237
ms-arab	Malay in Jawi script	True	https://en.wikipedia.org/wiki/	http://www.wikidata.org/entity/Q107526440
mt	Maltese	False	https://en.wikipedia.org/wiki/Maltese_language	http://www.wikidata.org/entity/Q9166
mui	Musi	False	https://en.wikipedia.org/wiki/Musi_language	http://www.wikidata.org/entity/Q615660
mul	multiple languages	False	https://en.wikipedia.org/wiki/	http://www.wikidata.org/entity/Q20923490
mus	Muscogee	False	https://en.wikipedia.org/wiki/Muscogee_language	http://www.wikidata.org/entity/Q523014
mwl	Mirandese	False	https://en.wikipedia.org/wiki/Mirandese_language	http://www.wikidata.org/entity/Q13330
mwv	Mentawai	False	https://en.wikipedia.org/wiki/Mentawai_language	http://www.wikidata.org/entity/Q13365
my	Burmese	False	https://en.wikipedia.org/wiki/Burmese_language	http://www.wikidata.org/entity/Q9228
myv	Erzya	False	https://en.wikipedia.org/wiki/Erzya_language	http://www.wikidata.org/entity/Q29952
mzn	Mazanderani	False	https://en.wikipedia.org/wiki/Mazanderani_language	http://www.wikidata.org/entity/Q13356
na	Nauruan	False	https://en.wikipedia.org/wiki/Nauruan_language	http://www.wikidata.org/entity/Q13307
nah	Nahuatl	False	https://en.wikipedia.org/wiki/Nahuatl	http://www.wikidata.org/entity/Q13300
nan	Southern Min	False	https://en.wikipedia.org/wiki/Southern_Min	http://www.wikidata.org/entity/Q36495
nan-hani	nan-hani	True	https://en.wikipedia.org/wiki/	http://www.wikidata.org/entity/Q107530761
nap	Neapolitan	False	https://en.wikipedia.org/wiki/Neapolitan_language	http://www.wikidata.org/entity/Q33845
nb	Bokmål	False	https://en.wikipedia.org/wiki/Bokmål	http://www.wikidata.org/entity/Q25167
nds	Low German	False	https://en.wikipedia.org/wiki/Low_German	http://www.wikidata.org/entity/Q25433
nds-nl	Dutch Low Saxon	True	https://en.wikipedia.org/wiki/Dutch_Low_Saxon	http://www.wikidata.org/entity/Q516137
ne	Nepali	False	https://en.wikipedia.org/wiki/Nepali_language	http://www.wikidata.org/entity/Q33823
new	Newar	False	https://en.wikipedia.org/wiki/Newar_language	http://www.wikidata.org/entity/Q33979
ng	Ndonga	False	https://en.wikipedia.org/wiki/Ndonga_dialect	http://www.wikidata.org/entity/Q33900
nia	Nias	False	https://en.wikipedia.org/wiki/Nias_language	http://www.wikidata.org/entity/Q2407831
niu	Niuean	False	https://en.wikipedia.org/wiki/Niuean_language	http://www.wikidata.org/entity/Q33790
nl	Dutch	False	https://en.wikipedia.org/wiki/Dutch_language	http://www.wikidata.org/entity/Q7411
nl-be	Belgian Dutch	True	https://en.wikipedia.org/wiki/	http://www.wikidata.org/entity/Q1404296
nl-informal	informal Dutch	True	https://en.wikipedia.org/wiki/	http://www.wikidata.org/entity/Q64427356
nn	Nynorsk	False	https://en.wikipedia.org/wiki/Nynorsk	http://www.wikidata.org/entity/Q25164
nn-hognorsk	Høgnorsk	True	https://en.wikipedia.org/wiki/Høgnorsk	http://www.wikidata.org/entity/Q1420587
no	Norwegian Wikipedias	False	https://en.wikipedia.org/wiki/Norwegian_Wikipedia	http://www.wikidata.org/entity/Q191769
no	Norwegian	False	https://en.wikipedia.org/wiki/Norwegian_language	http://www.wikidata.org/entity/Q9043
nod	Northern Thai	False	https://en.wikipedia.org/wiki/Northern_Thai_language	http://www.wikidata.org/entity/Q565110
nog	Nogai	False	https://en.wikipedia.org/wiki/Nogai_language	http://www.wikidata.org/entity/Q33871
non	Old Norse	False	https://en.wikipedia.org/wiki/Old_Norse	http://www.wikidata.org/entity/Q35505
nov	Novial	False	https://en.wikipedia.org/wiki/Novial	http://www.wikidata.org/entity/Q36738
nqo	N'Ko	False	https://en.wikipedia.org/wiki/N'Ko_language	http://www.wikidata.org/entity/Q18546266
nr	Southern Ndebele	False	https://en.wikipedia.org/wiki/Southern_Ndebele_language	http://www.wikidata.org/entity/Q36785
nrf-gg	Guernésiais	True	https://en.wikipedia.org/wiki/Guernésiais	http://www.wikidata.org/entity/Q56428
nrf-je	Jèrriais	True	https://en.wikipedia.org/wiki/Jèrriais	http://www.wikidata.org/entity/Q56430
nrm	Norman	False	https://en.wikipedia.org/wiki/Norman_language	http://www.wikidata.org/entity/Q33850
nsk	Naskapi	False	https://en.wikipedia.org/wiki/Naskapi_language	http://www.wikidata.org/entity/Q1704302
nso	Northern Sotho	False	https://en.wikipedia.org/wiki/Northern_Sotho_language	http://www.wikidata.org/entity/Q33890
nui	Kombe	False	https://en.wikipedia.org/wiki/Kombe_language	http://www.wikidata.org/entity/Q36459
nv	Navajo	False	https://en.wikipedia.org/wiki/Navajo_language	http://www.wikidata.org/entity/Q13310
nxm	Numidian	False	https://en.wikipedia.org/wiki/Numidian_language	http://www.wikidata.org/entity/Q35761
ny	Chewa	False	https://en.wikipedia.org/wiki/Chewa_language	http://www.wikidata.org/entity/Q33273
nys	Noongar	False	https://en.wikipedia.org/wiki/Nyungar_language	http://www.wikidata.org/entity/Q7049771
oc	Occitan	False	https://en.wikipedia.org/wiki/Occitan_language	http://www.wikidata.org/entity/Q14185
oj	Ojibwe	False	https://en.wikipedia.org/wiki/Ojibwe_language	http://www.wikidata.org/entity/Q33875
olo	Livvi-Karelian	False	https://en.wikipedia.org/wiki/Livvi-Karelian_language	http://www.wikidata.org/entity/Q36584
om	Oromo	False	https://en.wikipedia.org/wiki/Oromo_language	http://www.wikidata.org/entity/Q33864
ood	O'odham	False	https://en.wikipedia.org/wiki/Oʼodham_language	http://www.wikidata.org/entity/Q2393095
or	Odia	False	https://en.wikipedia.org/wiki/Odia_language	http://www.wikidata.org/entity/Q33810
os	Ossetian	False	https://en.wikipedia.org/wiki/Ossetian_language	http://www.wikidata.org/entity/Q33968
osa	Osage	False	https://en.wikipedia.org/wiki/Osage_language	http://www.wikidata.org/entity/Q2600085
osa-latn	Osage in Latin script	True	https://en.wikipedia.org/wiki/	http://www.wikidata.org/entity/Q107530022
ota	Ottoman Turkish	False	https://en.wikipedia.org/wiki/Ottoman_Turkish	http://www.wikidata.org/entity/Q36730
otk	Old Turkic	False	https://en.wikipedia.org/wiki/Old_Turkic	http://www.wikidata.org/entity/Q34988
ovd	Elfdalian	False	https://en.wikipedia.org/wiki/Elfdalian	http://www.wikidata.org/entity/Q254950
pa	Eastern Punjabi	False	https://en.wikipedia.org/wiki/Eastern_Punjabi	http://www.wikidata.org/entity/Q28164079
pa	Punjabi	False	https://en.wikipedia.org/wiki/Punjabi_language	http://www.wikidata.org/entity/Q58635
pag	Pangasinan	False	https://en.wikipedia.org/wiki/Pangasinan_language	http://www.wikidata.org/entity/Q33879
pam	Kapampangan	False	https://en.wikipedia.org/wiki/Kapampangan_language	http://www.wikidata.org/entity/Q36121
pap	Papiamento	False	https://en.wikipedia.org/wiki/Papiamento	http://www.wikidata.org/entity/Q33856
pcd	Picard	False	https://en.wikipedia.org/wiki/Picard_language	http://www.wikidata.org/entity/Q34024
pdc	Pennsylvania German	False	https://en.wikipedia.org/wiki/Pennsylvania_Dutch_language	http://www.wikidata.org/entity/Q22711
pdt	Plautdietsch	False	https://en.wikipedia.org/wiki/Plautdietsch_language	http://www.wikidata.org/entity/Q1751432
peo	Old Persian	False	https://en.wikipedia.org/wiki/Old_Persian	http://www.wikidata.org/entity/Q35225
pfl	Palatinate German	False	https://en.wikipedia.org/wiki/Palatine_German_language	http://www.wikidata.org/entity/Q23014
pi	Pali	False	https://en.wikipedia.org/wiki/Pali	http://www.wikidata.org/entity/Q36727
pih	Pitkern	False	https://en.wikipedia.org/wiki/Pitkern_language	http://www.wikidata.org/entity/Q36554
pis	Pijin	False	https://en.wikipedia.org/wiki/Pijin_language	http://www.wikidata.org/entity/Q36699
pjt	Pitjantjatjara	False	https://en.wikipedia.org/wiki/Pitjantjatjara_dialect	http://www.wikidata.org/entity/Q2982063
pko	Pökoot	False	https://en.wikipedia.org/wiki/Pökoot_language	http://www.wikidata.org/entity/Q36323
pl	Polish	False	https://en.wikipedia.org/wiki/Polish_language	http://www.wikidata.org/entity/Q809
pms	Piedmontese	False	https://en.wikipedia.org/wiki/Piedmontese_language	http://www.wikidata.org/entity/Q15085
pmy	Papuan Malay	False	https://en.wikipedia.org/wiki/Papuan_Malay	http://www.wikidata.org/entity/Q12473446
pnb	Punjabi	False	https://en.wikipedia.org/wiki/Punjabi_language	http://www.wikidata.org/entity/Q58635
pnb	Western Punjabi	False	https://en.wikipedia.org/wiki/	http://www.wikidata.org/entity/Q1389492
pnt	Pontic Greek	False	https://en.wikipedia.org/wiki/Pontic_Greek	http://www.wikidata.org/entity/Q36748
ppu	Papora-Hoanya	False	https://en.wikipedia.org/wiki/Papora-Hoanya_language	http://www.wikidata.org/entity/Q2094884
prg	Old Prussian	False	https://en.wikipedia.org/wiki/Old_Prussian_language	http://www.wikidata.org/entity/Q35501
ps	Pashto	False	https://en.wikipedia.org/wiki/Pashto	http://www.wikidata.org/entity/Q58680
pt	Portuguese	False	https://en.wikipedia.org/wiki/Portuguese_language	http://www.wikidata.org/entity/Q5146
pt-ao1990	Portuguese Language Orthographic Agreement of 1990	True	https://en.wikipedia.org/wiki/Portuguese_Language_Orthographic_Agreement_of_1990	http://www.wikidata.org/entity/Q1113432
pt-br	Brazilian Portuguese	True	https://en.wikipedia.org/wiki/Brazilian_Portuguese	http://www.wikidata.org/entity/Q750553
pwn	Paiwan	False	https://en.wikipedia.org/wiki/Paiwan_language	http://www.wikidata.org/entity/Q715755
pwn	katadrengan	False	https://en.wikipedia.org/wiki/	http://www.wikidata.org/entity/Q108340302
pyu	Puyuma	False	https://en.wikipedia.org/wiki/Puyuma_language	http://www.wikidata.org/entity/Q716690
qu	Quechua	False	https://en.wikipedia.org/wiki/Quechuan_languages	http://www.wikidata.org/entity/Q5218
quc	K’iche’	False	https://en.wikipedia.org/wiki/Kʼicheʼ_language	http://www.wikidata.org/entity/Q36494
qug	Kichwa	False	https://en.wikipedia.org/wiki/Kichwa_language	http://www.wikidata.org/entity/Q1740805
qya	Quenya	False	https://en.wikipedia.org/wiki/Quenya	http://www.wikidata.org/entity/Q56383
rar	Cook Islands Maori	False	https://en.wikipedia.org/wiki/Cook_Islands_Māori	http://www.wikidata.org/entity/Q36745
rcf	Réunion Creole	False	https://en.wikipedia.org/wiki/Réunion_Creole	http://www.wikidata.org/entity/Q13198
rgn	Romagnol	False	https://en.wikipedia.org/wiki/Romagnol_dialects	http://www.wikidata.org/entity/Q1641543
rif	Tarifit	False	https://en.wikipedia.org/wiki/Tarifit	http://www.wikidata.org/entity/Q34174
rki	Arakanese	False	https://en.wikipedia.org/wiki/Arakanese_language	http://www.wikidata.org/entity/Q3450749
rkt	Rangpuri	False	https://en.wikipedia.org/wiki/Rangpuri_language	http://www.wikidata.org/entity/Q3241618
rm	Romansh	False	https://en.wikipedia.org/wiki/Romansh_language	http://www.wikidata.org/entity/Q13199
rm-puter	Putèr	True	https://en.wikipedia.org/wiki/Putèr	http://www.wikidata.org/entity/Q688309
rm-rumgr	Rumantsch Grischun	True	https://en.wikipedia.org/wiki/	http://www.wikidata.org/entity/Q688873
rm-surmiran	Surmiran	True	https://en.wikipedia.org/wiki/Surmiran_dialect	http://www.wikidata.org/entity/Q690216
rm-sursilv	Sursilvan	True	https://en.wikipedia.org/wiki/Sursilvan	http://www.wikidata.org/entity/Q688348
rm-sutsilv	Sutsilvan	True	https://en.wikipedia.org/wiki/Sutsilvan_dialects_(Romansh)	http://www.wikidata.org/entity/Q688272
rm-vallader	Vallader	True	https://en.wikipedia.org/wiki/Vallader_dialect	http://www.wikidata.org/entity/Q690226
rmc	Carpathian Romani	False	https://en.wikipedia.org/wiki/Carpathian_Romani	http://www.wikidata.org/entity/Q5045611
rmf	Finnish Kalo	False	https://en.wikipedia.org/wiki/Finnish_Kalo_language	http://www.wikidata.org/entity/Q2093214
rmy	Romani	False	https://en.wikipedia.org/wiki/Romani_language	http://www.wikidata.org/entity/Q13201
rn	Kirundi	False	https://en.wikipedia.org/wiki/Kirundi	http://www.wikidata.org/entity/Q33583
ro	Romanian	False	https://en.wikipedia.org/wiki/Romanian_language	http://www.wikidata.org/entity/Q7913
roa-tara	Tarantino	True	https://en.wikipedia.org/wiki/Tarantino_dialect	http://www.wikidata.org/entity/Q695526
ru	Russian	False	https://en.wikipedia.org/wiki/Russian_language	http://www.wikidata.org/entity/Q7737
ru-sib	Siberian	True	https://en.wikipedia.org/wiki/	http://www.wikidata.org/entity/Q1194341
rue	Rusyn	False	https://en.wikipedia.org/wiki/Rusyn_language	http://www.wikidata.org/entity/Q26245
rup	Aromanian	False	https://en.wikipedia.org/wiki/Aromanian_language	http://www.wikidata.org/entity/Q29316
ruq	Megleno-Romanian	False	https://en.wikipedia.org/wiki/Megleno-Romanian_language	http://www.wikidata.org/entity/Q13358
ruq-cyrl	Megleno-Romanian in Cyrillic script	True	https://en.wikipedia.org/wiki/	http://www.wikidata.org/entity/Q64362998
ruq-latn	Megleno-Romanian in Latin script	True	https://en.wikipedia.org/wiki/	http://www.wikidata.org/entity/Q64362999
rw	Kinyarwanda	False	https://en.wikipedia.org/wiki/Kinyarwanda	http://www.wikidata.org/entity/Q33573
rwr	Marwari	False	https://en.wikipedia.org/wiki/	http://www.wikidata.org/entity/Q65455884
ryu	Okinawan	False	https://en.wikipedia.org/wiki/Okinawan_language	http://www.wikidata.org/entity/Q34233
sa	Sanskrit	False	https://en.wikipedia.org/wiki/Sanskrit	http://www.wikidata.org/entity/Q11059
sah	Sakha	False	https://en.wikipedia.org/wiki/Yakut_language	http://www.wikidata.org/entity/Q34299
sat	Santali	False	https://en.wikipedia.org/wiki/Santali_language	http://www.wikidata.org/entity/Q33965
sat-beng	Santali in Bengali script	True	https://en.wikipedia.org/wiki/	http://www.wikidata.org/entity/Q107550055
sc	Sardinian	False	https://en.wikipedia.org/wiki/Sardinian_language	http://www.wikidata.org/entity/Q33976
scn	Sicilian	False	https://en.wikipedia.org/wiki/Sicilian_language	http://www.wikidata.org/entity/Q33973
sco	Scots	False	https://en.wikipedia.org/wiki/Scots_language	http://www.wikidata.org/entity/Q14549
sd	Sindhi	False	https://en.wikipedia.org/wiki/Sindhi_language	http://www.wikidata.org/entity/Q33997
sdc	Sassarese	False	https://en.wikipedia.org/wiki/Sassarese_language	http://www.wikidata.org/entity/Q845441
sdh	Southern Kurdish	False	https://en.wikipedia.org/wiki/Southern_Kurdish	http://www.wikidata.org/entity/Q1496597
se	Northern Sami	False	https://en.wikipedia.org/wiki/Northern_Sami	http://www.wikidata.org/entity/Q33947
sei	Seri	False	https://en.wikipedia.org/wiki/Seri_language	http://www.wikidata.org/entity/Q36583
ses	Koyraboro Senni	False	https://en.wikipedia.org/wiki/Koyraboro_Senni	http://www.wikidata.org/entity/Q35655
sg	Sango	False	https://en.wikipedia.org/wiki/Sango_language	http://www.wikidata.org/entity/Q33954
sh	Serbo-Croatian	False	https://en.wikipedia.org/wiki/Serbo-Croatian	http://www.wikidata.org/entity/Q9301
shi	Tashelhit	False	https://en.wikipedia.org/wiki/Shilha_language	http://www.wikidata.org/entity/Q34152
shi-latn	Tachelhit in Latin script	True	https://en.wikipedia.org/wiki/	http://www.wikidata.org/entity/Q64363000
shi-tfng	Tachelhit in Tifinagh script	True	https://en.wikipedia.org/wiki/	http://www.wikidata.org/entity/Q64363001
shn	Shan	False	https://en.wikipedia.org/wiki/Shan_language	http://www.wikidata.org/entity/Q56482
shy	Shawiya	False	https://en.wikipedia.org/wiki/Shawiya_language	http://www.wikidata.org/entity/Q33274
shy-latn	Shawiya in Latin script	True	https://en.wikipedia.org/wiki/	http://www.wikidata.org/entity/Q64363002
si	Sinhala	False	https://en.wikipedia.org/wiki/Sinhala_language	http://www.wikidata.org/entity/Q13267
sid	Sidamo	False	https://en.wikipedia.org/wiki/Sidama_language	http://www.wikidata.org/entity/Q33786
simple	Simple English	False	https://en.wikipedia.org/wiki/	http://www.wikidata.org/entity/Q21480034
sjd	Kildin Sami	False	https://en.wikipedia.org/wiki/Kildin_Sami	http://www.wikidata.org/entity/Q33656
sje	Pite Sami	False	https://en.wikipedia.org/wiki/Pite_Sami	http://www.wikidata.org/entity/Q56314
sjm	Mapun	False	https://en.wikipedia.org/wiki/	http://www.wikidata.org/entity/Q3287253
sjn	Sindarin	False	https://en.wikipedia.org/wiki/Sindarin	http://www.wikidata.org/entity/Q56437
sjt	Ter Sami	False	https://en.wikipedia.org/wiki/Ter_Sami	http://www.wikidata.org/entity/Q36656
sju	Ume Sami	False	https://en.wikipedia.org/wiki/Ume_Sámi	http://www.wikidata.org/entity/Q56415
sk	Slovak	False	https://en.wikipedia.org/wiki/Slovak_language	http://www.wikidata.org/entity/Q9058
skr	Saraiki	False	https://en.wikipedia.org/wiki/Saraiki_language	http://www.wikidata.org/entity/Q33902
skr-arab	Saraiki in Arabic script	True	https://en.wikipedia.org/wiki/	http://www.wikidata.org/entity/Q64363003
sl	Slovene	False	https://en.wikipedia.org/wiki/Slovene_language	http://www.wikidata.org/entity/Q9063
sli	Silesian German	False	https://en.wikipedia.org/wiki/Silesian_German	http://www.wikidata.org/entity/Q152965
sm	Samoan	False	https://en.wikipedia.org/wiki/Samoan_language	http://www.wikidata.org/entity/Q34011
sma	Southern Sami	False	https://en.wikipedia.org/wiki/Southern_Sámi	http://www.wikidata.org/entity/Q13293
smj	Lule Sami	False	https://en.wikipedia.org/wiki/Lule_Sami	http://www.wikidata.org/entity/Q56322
smn	Inari Sami	False	https://en.wikipedia.org/wiki/Inari_Sami	http://www.wikidata.org/entity/Q33462
sms	Skolt Sami	False	https://en.wikipedia.org/wiki/Skolt_Sami	http://www.wikidata.org/entity/Q13271
sn	Shona	False	https://en.wikipedia.org/wiki/Shona_language	http://www.wikidata.org/entity/Q34004
so	Somali	False	https://en.wikipedia.org/wiki/Somali_language	http://www.wikidata.org/entity/Q13275
sou	Southern Thai	False	https://en.wikipedia.org/wiki/Southern_Thai_language	http://www.wikidata.org/entity/Q56508
sq	Albanian	False	https://en.wikipedia.org/wiki/Albanian_language	http://www.wikidata.org/entity/Q8748
sr	Serbian	False	https://en.wikipedia.org/wiki/Serbian_language	http://www.wikidata.org/entity/Q9299
sr-ec	Serbian written in Cyrillic	True	https://en.wikipedia.org/wiki/	http://www.wikidata.org/entity/Q21161942
sr-el	Serbian (Latin script)	True	https://en.wikipedia.org/wiki/	http://www.wikidata.org/entity/Q21161949
srn	Sranan Tongo	False	https://en.wikipedia.org/wiki/Sranan_Tongo	http://www.wikidata.org/entity/Q33989
srq	Sirionó	False	https://en.wikipedia.org/wiki/Sirionó_language	http://www.wikidata.org/entity/Q3027953
ss	Swazi	False	https://en.wikipedia.org/wiki/Swazi_language	http://www.wikidata.org/entity/Q34014
ssf	Thao	False	https://en.wikipedia.org/wiki/Thao_language	http://www.wikidata.org/entity/Q676492
st	Sesotho	False	https://en.wikipedia.org/wiki/Sotho_language	http://www.wikidata.org/entity/Q34340
stq	Saterland Frisian	False	https://en.wikipedia.org/wiki/Saterland_Frisian_language	http://www.wikidata.org/entity/Q27154
sty	Siberian Tatar	False	https://en.wikipedia.org/wiki/Siberian_Tatar_language	http://www.wikidata.org/entity/Q4418344
su	Sundanese	False	https://en.wikipedia.org/wiki/Sundanese_language	http://www.wikidata.org/entity/Q34002
sux-latn	Sumerian in Latin script	True	https://en.wikipedia.org/wiki/	http://www.wikidata.org/entity/Q107549870
sv	Swedish	False	https://en.wikipedia.org/wiki/Swedish_language	http://www.wikidata.org/entity/Q9027
sw	Swahili	False	https://en.wikipedia.org/wiki/Swahili_language	http://www.wikidata.org/entity/Q7838
sxr	Saaroa	False	https://en.wikipedia.org/wiki/Saaroa_language	http://www.wikidata.org/entity/Q716599
syc	Syriac	False	https://en.wikipedia.org/wiki/Syriac_language	http://www.wikidata.org/entity/Q33538
syl-beng	Sylheti in Bengali-Assamese script	True	https://en.wikipedia.org/wiki/	http://www.wikidata.org/entity/Q107549714
szl	Silesian	False	https://en.wikipedia.org/wiki/Silesian_language	http://www.wikidata.org/entity/Q30319
szy	Sakizaya	False	https://en.wikipedia.org/wiki/Sakizaya_language	http://www.wikidata.org/entity/Q718269
ta	Tamil	False	https://en.wikipedia.org/wiki/Tamil_language	http://www.wikidata.org/entity/Q5885
tay	Atayal	False	https://en.wikipedia.org/wiki/Atayal_language	http://www.wikidata.org/entity/Q715766
tce	Southern Tutchone	False	https://en.wikipedia.org/wiki/	http://www.wikidata.org/entity/Q31091048
tcy	Tulu	False	https://en.wikipedia.org/wiki/Tulu_language	http://www.wikidata.org/entity/Q34251
te	Telugu	False	https://en.wikipedia.org/wiki/Telugu_language	http://www.wikidata.org/entity/Q8097
tet	Tetum	False	https://en.wikipedia.org/wiki/Tetum_language	http://www.wikidata.org/entity/Q34125
tg	Tajik	False	https://en.wikipedia.org/wiki/Tajik_language	http://www.wikidata.org/entity/Q9260
tg-cyrl	Tajik in Cyrillic script	True	https://en.wikipedia.org/wiki/	http://www.wikidata.org/entity/Q64363004
tg-latn	Tajik in Latin script	True	https://en.wikipedia.org/wiki/	http://www.wikidata.org/entity/Q64363005
th	Thai	False	https://en.wikipedia.org/wiki/Thai_language	http://www.wikidata.org/entity/Q9217
ti	Tigrinya	False	https://en.wikipedia.org/wiki/Tigrinya_language	http://www.wikidata.org/entity/Q34124
tk	Turkmen	False	https://en.wikipedia.org/wiki/Turkmen_language	http://www.wikidata.org/entity/Q9267
tl	Tagalog	False	https://en.wikipedia.org/wiki/Tagalog_language	http://www.wikidata.org/entity/Q34057
tlh	Klingon	False	https://en.wikipedia.org/wiki/Klingon_language	http://www.wikidata.org/entity/Q10134
tlh-latn	Klingon in Okrand notation	True	https://en.wikipedia.org/wiki/	http://www.wikidata.org/entity/Q107550949
tlh-piqd	Klingon in pIqaD	True	https://en.wikipedia.org/wiki/	http://www.wikidata.org/entity/Q107550940
tli	Tlingit	False	https://en.wikipedia.org/wiki/Tlingit_language	http://www.wikidata.org/entity/Q27792
tly	Talysh	False	https://en.wikipedia.org/wiki/Talysh_language	http://www.wikidata.org/entity/Q34318
tly-cyrl	Talysh in Cyrillic script	True	https://en.wikipedia.org/wiki/	http://www.wikidata.org/entity/Q107526557
tn	Tswana	False	https://en.wikipedia.org/wiki/Tswana_language	http://www.wikidata.org/entity/Q34137
to	Tongan	False	https://en.wikipedia.org/wiki/Tongan_language	http://www.wikidata.org/entity/Q34094
tok	Toki Pona	False	https://en.wikipedia.org/wiki/Toki_Pona	http://www.wikidata.org/entity/Q36846
tpi	Tok Pisin	False	https://en.wikipedia.org/wiki/Tok_Pisin	http://www.wikidata.org/entity/Q34159
tr	Turkish	False	https://en.wikipedia.org/wiki/Turkish_language	http://www.wikidata.org/entity/Q256
tru	Turoyo	False	https://en.wikipedia.org/wiki/Turoyo_language	http://www.wikidata.org/entity/Q34040
trv	Seediq	False	https://en.wikipedia.org/wiki/Seediq_language	http://www.wikidata.org/entity/Q716686
ts	Tsonga	False	https://en.wikipedia.org/wiki/Tsonga_language	http://www.wikidata.org/entity/Q34327
tsg	Tausug	False	https://en.wikipedia.org/wiki/Tausug_language	http://www.wikidata.org/entity/Q34142
tsk	Tseku	False	https://en.wikipedia.org/wiki/Tseku_language	http://www.wikidata.org/entity/Q11159532
tsu	Tsou	False	https://en.wikipedia.org/wiki/Tsou_language	http://www.wikidata.org/entity/Q716681
tt	Tatar	False	https://en.wikipedia.org/wiki/Tatar_language	http://www.wikidata.org/entity/Q25285
tt-cyrl	Tatar in Cyrillic script	True	https://en.wikipedia.org/wiki/	http://www.wikidata.org/entity/Q39132549
tt-latn	Tatar in Latin script	True	https://en.wikipedia.org/wiki/	http://www.wikidata.org/entity/Q39134544
ttm	Northern Tutchone	False	https://en.wikipedia.org/wiki/	http://www.wikidata.org/entity/Q20822
tum	Tumbuka	False	https://en.wikipedia.org/wiki/Tumbuka_language	http://www.wikidata.org/entity/Q34138
tvl	Tuvaluan	False	https://en.wikipedia.org/wiki/Tuvaluan_language	http://www.wikidata.org/entity/Q34055
tvn	Tavoyan dialects	False	https://en.wikipedia.org/wiki/Tavoyan_dialects	http://www.wikidata.org/entity/Q7689158
tvx	Taivoan	False	https://en.wikipedia.org/wiki/Taivoan_language	http://www.wikidata.org/entity/Q1975271
tw	Twi	False	https://en.wikipedia.org/wiki/Twi	http://www.wikidata.org/entity/Q36850
ty	Tahitian	False	https://en.wikipedia.org/wiki/Tahitian_language	http://www.wikidata.org/entity/Q34128
tyv	Tuvan	False	https://en.wikipedia.org/wiki/Tuvan_language	http://www.wikidata.org/entity/Q34119
tzl	Talossan	False	https://en.wikipedia.org/wiki/Talossan_language	http://www.wikidata.org/entity/Q1063911
tzm	Central Atlas Tamazight	False	https://en.wikipedia.org/wiki/Central_Atlas_Tamazight	http://www.wikidata.org/entity/Q49741
udm	Udmurt	False	https://en.wikipedia.org/wiki/Udmurt_language	http://www.wikidata.org/entity/Q13238
ug	Uyghur	False	https://en.wikipedia.org/wiki/Uyghur_language	http://www.wikidata.org/entity/Q13263
ug-arab	Uyghur in Arabic script	True	https://en.wikipedia.org/wiki/	http://www.wikidata.org/entity/Q22338135
ug-latn	Uyghur in Latin script	True	https://en.wikipedia.org/wiki/	http://www.wikidata.org/entity/Q22338145
uk	Ukrainian	False	https://en.wikipedia.org/wiki/Ukrainian_language	http://www.wikidata.org/entity/Q8798
umu	Munsee	False	https://en.wikipedia.org/wiki/Munsee_language	http://www.wikidata.org/entity/Q56547
und	undetermined language	False	https://en.wikipedia.org/wiki/	http://www.wikidata.org/entity/Q22282914
ur	Urdu	False	https://en.wikipedia.org/wiki/Urdu	http://www.wikidata.org/entity/Q1617
uun	Pazeh	False	https://en.wikipedia.org/wiki/Pazeh_language	http://www.wikidata.org/entity/Q36435
uz	Uzbek	False	https://en.wikipedia.org/wiki/Uzbek_language	http://www.wikidata.org/entity/Q9264
uz-cyrl	Uzbek in Cyrillic script	True	https://en.wikipedia.org/wiki/	http://www.wikidata.org/entity/Q64363006
uz-latn	Uzbek in Latin script	True	https://en.wikipedia.org/wiki/	http://www.wikidata.org/entity/Q64363007
uzs	Southern Uzbek	False	https://en.wikipedia.org/wiki/Southern_Uzbek_language	http://www.wikidata.org/entity/Q1066787
ve	Venda	False	https://en.wikipedia.org/wiki/Venda_language	http://www.wikidata.org/entity/Q32704
vec	Venetian	False	https://en.wikipedia.org/wiki/Venetian_language	http://www.wikidata.org/entity/Q32724
vep	Veps	False	https://en.wikipedia.org/wiki/Veps_language	http://www.wikidata.org/entity/Q32747
vi	Vietnamese	False	https://en.wikipedia.org/wiki/Vietnamese_language	http://www.wikidata.org/entity/Q9199
vls	West Flemish	False	https://en.wikipedia.org/wiki/West_Flemish	http://www.wikidata.org/entity/Q100103
vmf	Main-Franconian	False	https://en.wikipedia.org/wiki/Main-Franconian_dialects	http://www.wikidata.org/entity/Q497345
vo	Volapük	False	https://en.wikipedia.org/wiki/Volapük	http://www.wikidata.org/entity/Q36986
vot	Votic	False	https://en.wikipedia.org/wiki/Votic_language	http://www.wikidata.org/entity/Q32858
wa	Walloon	False	https://en.wikipedia.org/wiki/Walloon_language	http://www.wikidata.org/entity/Q34219
wal	Wolaytta	False	https://en.wikipedia.org/wiki/Wolaitta_language	http://www.wikidata.org/entity/Q36943
war	Waray	False	https://en.wikipedia.org/wiki/Waray_language	http://www.wikidata.org/entity/Q34279
wbl	Wakhi	False	https://en.wikipedia.org/wiki/Wakhi_language	http://www.wikidata.org/entity/Q34208
wls	Wallisian	False	https://en.wikipedia.org/wiki/Wallisian_language	http://www.wikidata.org/entity/Q36979
wo	Wolof	False	https://en.wikipedia.org/wiki/Wolof_language	http://www.wikidata.org/entity/Q34257
wuu	Wu Chinese	False	https://en.wikipedia.org/wiki/Wu_Chinese	http://www.wikidata.org/entity/Q34290
wym	Vilamovian	False	https://en.wikipedia.org/wiki/Wymysorys_language	http://www.wikidata.org/entity/Q56485
xal	Kalmyk Oirat	False	https://en.wikipedia.org/wiki/Kalmyk_Oirat	http://www.wikidata.org/entity/Q33634
xh	Xhosa	False	https://en.wikipedia.org/wiki/Xhosa_language	http://www.wikidata.org/entity/Q13218
xmf	Mingrelian	False	https://en.wikipedia.org/wiki/Mingrelian_language	http://www.wikidata.org/entity/Q13359
xnb	Kanakanavu	False	https://en.wikipedia.org/wiki/Kanakanavu_language	http://www.wikidata.org/entity/Q172244
xpu	Punic	False	https://en.wikipedia.org/wiki/Punic_language	http://www.wikidata.org/entity/Q535958
xsy	Saisiyat	False	https://en.wikipedia.org/wiki/Saisiyat_language	http://www.wikidata.org/entity/Q716695
yai	Yaghnobi	False	https://en.wikipedia.org/wiki/Yaghnobi_language	http://www.wikidata.org/entity/Q34247
yap	Yapese	False	https://en.wikipedia.org/wiki/Yapese_language	http://www.wikidata.org/entity/Q34029
yav	Yangben	False	https://en.wikipedia.org/wiki/	http://www.wikidata.org/entity/Q12953315
ydg	Yidgha	False	https://en.wikipedia.org/wiki/Yidgha_language	http://www.wikidata.org/entity/Q34179
yi	Yiddish	False	https://en.wikipedia.org/wiki/Yiddish	http://www.wikidata.org/entity/Q8641
yo	Yoruba	False	https://en.wikipedia.org/wiki/Yoruba_language	http://www.wikidata.org/entity/Q34311
yrk	Nenets	False	https://en.wikipedia.org/wiki/Nenets_languages	http://www.wikidata.org/entity/Q36452
yrl	Nheengatu	False	https://en.wikipedia.org/wiki/Nheengatu	http://www.wikidata.org/entity/Q34333
za	Zhuang	False	https://en.wikipedia.org/wiki/Zhuang_languages	http://www.wikidata.org/entity/Q13216
zea	Zeelandic	False	https://en.wikipedia.org/wiki/Zeelandic	http://www.wikidata.org/entity/Q237409
zgh	Standard Moroccan Berber	False	https://en.wikipedia.org/wiki/Standard_Moroccan_Amazigh	http://www.wikidata.org/entity/Q7598268
zh	Chinese	False	https://en.wikipedia.org/wiki/Chinese_language	http://www.wikidata.org/entity/Q7850
zh-cn	Putonghua	True	https://en.wikipedia.org/wiki/Putonghua	http://www.wikidata.org/entity/Q24841726
zh-hans	Simplified Chinese	True	https://en.wikipedia.org/wiki/	http://www.wikidata.org/entity/Q13414913
zh-hant	Traditional Chinese	True	https://en.wikipedia.org/wiki/	http://www.wikidata.org/entity/Q18130932
zh-hk	Chinese (Hong Kong)	True	https://en.wikipedia.org/wiki/	http://www.wikidata.org/entity/Q100148307
zh-min-nan	Southern Min	True	https://en.wikipedia.org/wiki/Southern_Min	http://www.wikidata.org/entity/Q36495
zh-mo	Chinese in Macau	True	https://en.wikipedia.org/wiki/	http://www.wikidata.org/entity/Q64427357
zh-my	Malaysian Mandarin	True	https://en.wikipedia.org/wiki/Malaysian_Mandarin	http://www.wikidata.org/entity/Q13646143
zh-sg	Singaporean Mandarin	True	https://en.wikipedia.org/wiki/Singaporean_Mandarin	http://www.wikidata.org/entity/Q1048980
zh-tw	Standard Taiwanese Mandarin	True	https://en.wikipedia.org/wiki/Taiwanese_Mandarin	http://www.wikidata.org/entity/Q262828
zh-tw	Taiwanese Mandarin	True	https://en.wikipedia.org/wiki/	http://www.wikidata.org/entity/Q4380827
zh-yue	Yue Chinese	True	https://en.wikipedia.org/wiki/Yue_Chinese	http://www.wikidata.org/entity/Q7033959
zh-yue	Cantonese	True	https://en.wikipedia.org/wiki/Cantonese	http://www.wikidata.org/entity/Q9186
zu	Zulu	False	https://en.wikipedia.org/wiki/Zulu_language	http://www.wikidata.org/entity/Q10179
zun	Zuni	False	https://en.wikipedia.org/wiki/Zuni_language	http://www.wikidata.org/entity/Q10188
zxx	no linguistic content	False	https://en.wikipedia.org/wiki/	http://www.wikidata.org/entity/Q22282939
